{
  "Total" : {
    "transaction" : "Total",
    "sampleCount" : 10,
    "errorCount" : 10,
    "errorPct" : 100.0,
    "meanResTime" : 3.8999999999999995,
    "medianResTime" : 1.0,
    "minResTime" : 0.0,
    "maxResTime" : 29.0,
    "pct1ResTime" : 26.30000000000001,
    "pct2ResTime" : 29.0,
    "pct3ResTime" : 29.0,
    "throughput" : 2.277904328018223,
    "receivedKBytesPerSec" : 5.946131121867882,
    "sentKBytesPerSec" : 0.0
  },
  "POST /api/auth/login" : {
    "transaction" : "POST /api/auth/login",
    "sampleCount" : 10,
    "errorCount" : 10,
    "errorPct" : 100.0,
    "meanResTime" : 3.8999999999999995,
    "medianResTime" : 1.0,
    "minResTime" : 0.0,
    "maxResTime" : 29.0,
    "pct1ResTime" : 26.30000000000001,
    "pct2ResTime" : 29.0,
    "pct3ResTime" : 29.0,
    "throughput" : 2.277904328018223,
    "receivedKBytesPerSec" : 5.946131121867882,
    "sentKBytesPerSec" : 0.0
  }
}